<?xml version="1.0" encoding="UTF-8"?>
<project-private xmlns="http://www.netbeans.org/ns/project-private/1">
    <editor-bookmarks xmlns="http://www.netbeans.org/ns/editor-bookmarks/2" lastBookmarkId="0"/>
    <open-files xmlns="http://www.netbeans.org/ns/projectui-open-files/2">
        <group>
            <file>file:/home/alejandro/Dropbox/Tercero%20Informatica/Programación%20Concurrente%20y%20Distribuida/PCyD/Practica9/src/practica9/Supervisor.java</file>
            <file>file:/home/alejandro/Dropbox/Tercero%20Informatica/Programación%20Concurrente%20y%20Distribuida/PCyD/Practica9/src/practica9/Funcion.java</file>
            <file>file:/home/alejandro/Dropbox/Tercero%20Informatica/Programación%20Concurrente%20y%20Distribuida/PCyD/Practica9/src/practica9/CanvasArea.java</file>
            <file>file:/home/alejandro/Dropbox/Tercero%20Informatica/Programación%20Concurrente%20y%20Distribuida/PCyD/Practica9/src/practica9/AppletArez.java</file>
            <file>file:/home/alejandro/Dropbox/Tercero%20Informatica/Programación%20Concurrente%20y%20Distribuida/PCyD/Practica9/src/practica9/Calculador.java</file>
        </group>
    </open-files>
</project-private>
